{"0.40434922935530593":{"user_id":1},"0.8325668337450081":{"user_id":1},"0.17830605759327223":{"user_id":1},"0.08133669649666819":{"user_id":1},"0.5123685277397709":{"user_id":1},"0.6376806468226264":{"user_id":1}}